rank,ticker,sec_type,currency,exchange,ibkr_symbol,role
0,SPX,IND,USD,CBOE,SPX,MARKET_INDEX
1,NVDA,STK,USD,SMART,NVDA,EQUITY_UNIVERSE
2,AAPL,STK,USD,SMART,AAPL,EQUITY_UNIVERSE
3,MSFT,STK,USD,SMART,MSFT,EQUITY_UNIVERSE
4,AMZN,STK,USD,SMART,AMZN,EQUITY_UNIVERSE
5,GOOGL,STK,USD,SMART,GOOGL,EQUITY_UNIVERSE
6,AVGO,STK,USD,SMART,AVGO,EQUITY_UNIVERSE
7,GOOG,STK,USD,SMART,GOOG,EQUITY_UNIVERSE
8,META,STK,USD,SMART,META,EQUITY_UNIVERSE
9,MU,STK,USD,SMART,MU,EQUITY_UNIVERSE
10,LLY,STK,USD,SMART,LLY,EQUITY_UNIVERSE
11,TSLA,STK,USD,SMART,TSLA,EQUITY_UNIVERSE
12,JPM,STK,USD,SMART,JPM,EQUITY_UNIVERSE
13,BRK.B,STK,USD,SMART,BRK B,EQUITY_UNIVERSE
14,AMD,STK,USD,SMART,AMD,EQUITY_UNIVERSE
15,XOM,STK,USD,SMART,XOM,EQUITY_UNIVERSE
16,JNJ,STK,USD,SMART,JNJ,EQUITY_UNIVERSE
17,V,STK,USD,SMART,V,EQUITY_UNIVERSE
18,WMT,STK,USD,SMART,WMT,EQUITY_UNIVERSE
19,ABBV,STK,USD,SMART,ABBV,EQUITY_UNIVERSE
20,MA,STK,USD,SMART,MA,EQUITY_UNIVERSE
21,INTC,STK,USD,SMART,INTC,EQUITY_UNIVERSE
22,CSCO,STK,USD,SMART,CSCO,EQUITY_UNIVERSE
23,COST,STK,USD,SMART,COST,EQUITY_UNIVERSE
24,BAC,STK,USD,SMART,BAC,EQUITY_UNIVERSE
25,PLTR,STK,USD,SMART,PLTR,EQUITY_UNIVERSE
26,AMAT,STK,USD,SMART,AMAT,EQUITY_UNIVERSE
27,CVX,STK,USD,SMART,CVX,EQUITY_UNIVERSE
28,LRCX,STK,USD,SMART,LRCX,EQUITY_UNIVERSE
29,MRK,STK,USD,SMART,MRK,EQUITY_UNIVERSE
30,CAT,STK,USD,SMART,CAT,EQUITY_UNIVERSE
31,GE,STK,USD,SMART,GE,EQUITY_UNIVERSE
32,UNH,STK,USD,SMART,UNH,EQUITY_UNIVERSE
33,KO,STK,USD,SMART,KO,EQUITY_UNIVERSE
34,HD,STK,USD,SMART,HD,EQUITY_UNIVERSE
35,NFLX,STK,USD,SMART,NFLX,EQUITY_UNIVERSE
36,PG,STK,USD,SMART,PG,EQUITY_UNIVERSE
37,GS,STK,USD,SMART,GS,EQUITY_UNIVERSE
38,RTX,STK,USD,SMART,RTX,EQUITY_UNIVERSE
39,PM,STK,USD,SMART,PM,EQUITY_UNIVERSE
40,PANW,STK,USD,SMART,PANW,EQUITY_UNIVERSE
41,GEV,STK,USD,SMART,GEV,EQUITY_UNIVERSE
42,WFC,STK,USD,SMART,WFC,EQUITY_UNIVERSE
43,MS,STK,USD,SMART,MS,EQUITY_UNIVERSE
44,KLAC,STK,USD,SMART,KLAC,EQUITY_UNIVERSE
45,ORCL,STK,USD,SMART,ORCL,EQUITY_UNIVERSE
46,TXN,STK,USD,SMART,TXN,EQUITY_UNIVERSE
47,AMGN,STK,USD,SMART,AMGN,EQUITY_UNIVERSE
48,SNDK,STK,USD,SMART,SNDK,EQUITY_UNIVERSE
49,TMO,STK,USD,SMART,TMO,EQUITY_UNIVERSE
50,C,STK,USD,SMART,C,EQUITY_UNIVERSE
51,IBM,STK,USD,SMART,IBM,EQUITY_UNIVERSE
52,LIN,STK,USD,SMART,LIN,EQUITY_UNIVERSE
53,MRVL,STK,USD,SMART,MRVL,EQUITY_UNIVERSE
54,VZ,STK,USD,SMART,VZ,EQUITY_UNIVERSE
55,CRWD,STK,USD,SMART,CRWD,EQUITY_UNIVERSE
56,ABT,STK,USD,SMART,ABT,EQUITY_UNIVERSE
57,PEP,STK,USD,SMART,PEP,EQUITY_UNIVERSE
58,ANET,STK,USD,SMART,ANET,EQUITY_UNIVERSE
59,APH,STK,USD,SMART,APH,EQUITY_UNIVERSE
60,MCD,STK,USD,SMART,MCD,EQUITY_UNIVERSE
61,STX,STK,USD,SMART,STX,EQUITY_UNIVERSE
62,DIS,STK,USD,SMART,DIS,EQUITY_UNIVERSE
63,GILD,STK,USD,SMART,GILD,EQUITY_UNIVERSE
64,ADI,STK,USD,SMART,ADI,EQUITY_UNIVERSE
65,SCHW,STK,USD,SMART,SCHW,EQUITY_UNIVERSE
66,AXP,STK,USD,SMART,AXP,EQUITY_UNIVERSE
67,UNP,STK,USD,SMART,UNP,EQUITY_UNIVERSE
68,NEE,STK,USD,SMART,NEE,EQUITY_UNIVERSE
69,BA,STK,USD,SMART,BA,EQUITY_UNIVERSE
70,T,STK,USD,SMART,T,EQUITY_UNIVERSE
71,QCOM,STK,USD,SMART,QCOM,EQUITY_UNIVERSE
72,CRM,STK,USD,SMART,CRM,EQUITY_UNIVERSE
73,BLK,STK,USD,SMART,BLK,EQUITY_UNIVERSE
74,WELL,STK,USD,SMART,WELL,EQUITY_UNIVERSE
75,BKNG,STK,USD,SMART,BKNG,EQUITY_UNIVERSE
76,ETN,STK,USD,SMART,ETN,EQUITY_UNIVERSE
77,PFE,STK,USD,SMART,PFE,EQUITY_UNIVERSE
78,TJX,STK,USD,SMART,TJX,EQUITY_UNIVERSE
79,WDC,STK,USD,SMART,WDC,EQUITY_UNIVERSE
80,COP,STK,USD,SMART,COP,EQUITY_UNIVERSE
81,UBER,STK,USD,SMART,UBER,EQUITY_UNIVERSE
82,DE,STK,USD,SMART,DE,EQUITY_UNIVERSE
83,ISRG,STK,USD,SMART,ISRG,EQUITY_UNIVERSE
84,VRTX,STK,USD,SMART,VRTX,EQUITY_UNIVERSE
85,BMY,STK,USD,SMART,BMY,EQUITY_UNIVERSE
86,COF,STK,USD,SMART,COF,EQUITY_UNIVERSE
87,PLD,STK,USD,SMART,PLD,EQUITY_UNIVERSE
88,NEM,STK,USD,SMART,NEM,EQUITY_UNIVERSE
89,DHR,STK,USD,SMART,DHR,EQUITY_UNIVERSE
90,NOW,STK,USD,SMART,NOW,EQUITY_UNIVERSE
91,SPGI,STK,USD,SMART,SPGI,EQUITY_UNIVERSE
92,PH,STK,USD,SMART,PH,EQUITY_UNIVERSE
93,PGR,STK,USD,SMART,PGR,EQUITY_UNIVERSE
94,DELL,STK,USD,SMART,DELL,EQUITY_UNIVERSE
95,LOW,STK,USD,SMART,LOW,EQUITY_UNIVERSE
96,CB,STK,USD,SMART,CB,EQUITY_UNIVERSE
97,MDT,STK,USD,SMART,MDT,EQUITY_UNIVERSE
98,SBUX,STK,USD,SMART,SBUX,EQUITY_UNIVERSE
99,LMT,STK,USD,SMART,LMT,EQUITY_UNIVERSE
100,CVS,STK,USD,SMART,CVS,EQUITY_UNIVERSE
101,GLW,STK,USD,SMART,GLW,EQUITY_UNIVERSE
102,SYK,STK,USD,SMART,SYK,EQUITY_UNIVERSE
103,HWM,STK,USD,SMART,HWM,EQUITY_UNIVERSE
104,ACN,STK,USD,SMART,ACN,EQUITY_UNIVERSE
105,ADP,STK,USD,SMART,ADP,EQUITY_UNIVERSE
106,MO,STK,USD,SMART,MO,EQUITY_UNIVERSE
107,ADBE,STK,USD,SMART,ADBE,EQUITY_UNIVERSE
108,BNY,STK,USD,SMART,BNY,EQUITY_UNIVERSE
109,BX,STK,USD,SMART,BX,EQUITY_UNIVERSE
110,EQIX,STK,USD,SMART,EQIX,EQUITY_UNIVERSE
111,MPC,STK,USD,SMART,MPC,EQUITY_UNIVERSE
112,SO,STK,USD,SMART,SO,EQUITY_UNIVERSE
113,VLO,STK,USD,SMART,VLO,EQUITY_UNIVERSE
114,MCK,STK,USD,SMART,MCK,EQUITY_UNIVERSE
115,PWR,STK,USD,SMART,PWR,EQUITY_UNIVERSE
116,TT,STK,USD,SMART,TT,EQUITY_UNIVERSE
117,INTU,STK,USD,SMART,INTU,EQUITY_UNIVERSE
118,VRT,STK,USD,SMART,VRT,EQUITY_UNIVERSE
119,GD,STK,USD,SMART,GD,EQUITY_UNIVERSE
120,FCX,STK,USD,SMART,FCX,EQUITY_UNIVERSE
121,PNC,STK,USD,SMART,PNC,EQUITY_UNIVERSE
122,USB,STK,USD,SMART,USB,EQUITY_UNIVERSE
123,PSX,STK,USD,SMART,PSX,EQUITY_UNIVERSE
124,CME,STK,USD,SMART,CME,EQUITY_UNIVERSE
125,DUK,STK,USD,SMART,DUK,EQUITY_UNIVERSE
126,FTNT,STK,USD,SMART,FTNT,EQUITY_UNIVERSE
127,CMCSA,STK,USD,SMART,CMCSA,EQUITY_UNIVERSE
128,MMM,STK,USD,SMART,MMM,EQUITY_UNIVERSE
129,CSX,STK,USD,SMART,CSX,EQUITY_UNIVERSE
130,MRSH,STK,USD,SMART,MRSH,EQUITY_UNIVERSE
131,WMB,STK,USD,SMART,WMB,EQUITY_UNIVERSE
132,ICE,STK,USD,SMART,ICE,EQUITY_UNIVERSE
133,JCI,STK,USD,SMART,JCI,EQUITY_UNIVERSE
134,EMR,STK,USD,SMART,EMR,EQUITY_UNIVERSE
135,CEG,STK,USD,SMART,CEG,EQUITY_UNIVERSE
136,CDNS,STK,USD,SMART,CDNS,EQUITY_UNIVERSE
137,ELV,STK,USD,SMART,ELV,EQUITY_UNIVERSE
138,TMUS,STK,USD,SMART,TMUS,EQUITY_UNIVERSE
139,REGN,STK,USD,SMART,REGN,EQUITY_UNIVERSE
140,CMI,STK,USD,SMART,CMI,EQUITY_UNIVERSE
141,APP,STK,USD,SMART,APP,EQUITY_UNIVERSE
142,DASH,STK,USD,SMART,DASH,EQUITY_UNIVERSE
143,WM,STK,USD,SMART,WM,EQUITY_UNIVERSE
144,MDLZ,STK,USD,SMART,MDLZ,EQUITY_UNIVERSE
145,AMT,STK,USD,SMART,AMT,EQUITY_UNIVERSE
146,SHW,STK,USD,SMART,SHW,EQUITY_UNIVERSE
147,SLB,STK,USD,SMART,SLB,EQUITY_UNIVERSE
148,MSI,STK,USD,SMART,MSI,EQUITY_UNIVERSE
149,EOG,STK,USD,SMART,EOG,EQUITY_UNIVERSE
150,MAR,STK,USD,SMART,MAR,EQUITY_UNIVERSE
151,ABNB,STK,USD,SMART,ABNB,EQUITY_UNIVERSE
152,NOC,STK,USD,SMART,NOC,EQUITY_UNIVERSE
153,NSC,STK,USD,SMART,NSC,EQUITY_UNIVERSE
154,BSX,STK,USD,SMART,BSX,EQUITY_UNIVERSE
155,DDOG,STK,USD,SMART,DDOG,EQUITY_UNIVERSE
156,TRV,STK,USD,SMART,TRV,EQUITY_UNIVERSE
157,SNPS,STK,USD,SMART,SNPS,EQUITY_UNIVERSE
158,UPS,STK,USD,SMART,UPS,EQUITY_UNIVERSE
159,GM,STK,USD,SMART,GM,EQUITY_UNIVERSE
160,KKR,STK,USD,SMART,KKR,EQUITY_UNIVERSE
161,HLT,STK,USD,SMART,HLT,EQUITY_UNIVERSE
162,ROST,STK,USD,SMART,ROST,EQUITY_UNIVERSE
163,HOOD,STK,USD,SMART,HOOD,EQUITY_UNIVERSE
164,ORLY,STK,USD,SMART,ORLY,EQUITY_UNIVERSE
165,RCL,STK,USD,SMART,RCL,EQUITY_UNIVERSE
166,MCO,STK,USD,SMART,MCO,EQUITY_UNIVERSE
167,ITW,STK,USD,SMART,ITW,EQUITY_UNIVERSE
168,AON,STK,USD,SMART,AON,EQUITY_UNIVERSE
169,CI,STK,USD,SMART,CI,EQUITY_UNIVERSE
170,CL,STK,USD,SMART,CL,EQUITY_UNIVERSE
171,SPG,STK,USD,SMART,SPG,EQUITY_UNIVERSE
172,ECL,STK,USD,SMART,ECL,EQUITY_UNIVERSE
173,TGT,STK,USD,SMART,TGT,EQUITY_UNIVERSE
174,FDX,STK,USD,SMART,FDX,EQUITY_UNIVERSE
175,WBD,STK,USD,SMART,WBD,EQUITY_UNIVERSE
176,HPE,STK,USD,SMART,HPE,EQUITY_UNIVERSE
177,HON,STK,USD,SMART,HON,EQUITY_UNIVERSE
178,URI,STK,USD,SMART,URI,EQUITY_UNIVERSE
179,CTAS,STK,USD,SMART,CTAS,EQUITY_UNIVERSE
180,AEP,STK,USD,SMART,AEP,EQUITY_UNIVERSE
181,TDG,STK,USD,SMART,TDG,EQUITY_UNIVERSE
182,MNST,STK,USD,SMART,MNST,EQUITY_UNIVERSE
183,APD,STK,USD,SMART,APD,EQUITY_UNIVERSE
184,PCAR,STK,USD,SMART,PCAR,EQUITY_UNIVERSE
185,ALL,STK,USD,SMART,ALL,EQUITY_UNIVERSE
186,DLR,STK,USD,SMART,DLR,EQUITY_UNIVERSE
187,AJG,STK,USD,SMART,AJG,EQUITY_UNIVERSE
188,LITE,STK,USD,SMART,LITE,EQUITY_UNIVERSE
189,BKR,STK,USD,SMART,BKR,EQUITY_UNIVERSE
190,MPWR,STK,USD,SMART,MPWR,EQUITY_UNIVERSE
191,TRGP,STK,USD,SMART,TRGP,EQUITY_UNIVERSE
192,TFC,STK,USD,SMART,TFC,EQUITY_UNIVERSE
193,CRH,STK,USD,SMART,CRH,EQUITY_UNIVERSE
194,HCA,STK,USD,SMART,HCA,EQUITY_UNIVERSE
195,KMI,STK,USD,SMART,KMI,EQUITY_UNIVERSE
196,COR,STK,USD,SMART,COR,EQUITY_UNIVERSE
197,APO,STK,USD,SMART,APO,EQUITY_UNIVERSE
198,MRNA,STK,USD,SMART,MRNA,EQUITY_UNIVERSE
199,OKE,STK,USD,SMART,OKE,EQUITY_UNIVERSE
200,D,STK,USD,SMART,D,EQUITY_UNIVERSE
201,FIX,STK,USD,SMART,FIX,EQUITY_UNIVERSE
202,TEL,STK,USD,SMART,TEL,EQUITY_UNIVERSE
203,TER,STK,USD,SMART,TER,EQUITY_UNIVERSE
204,FAST,STK,USD,SMART,FAST,EQUITY_UNIVERSE
205,O,STK,USD,SMART,O,EQUITY_UNIVERSE
206,NXPI,STK,USD,SMART,NXPI,EQUITY_UNIVERSE
207,F,STK,USD,SMART,F,EQUITY_UNIVERSE
208,GWW,STK,USD,SMART,GWW,EQUITY_UNIVERSE
209,NUE,STK,USD,SMART,NUE,EQUITY_UNIVERSE
210,CIEN,STK,USD,SMART,CIEN,EQUITY_UNIVERSE
211,COHR,STK,USD,SMART,COHR,EQUITY_UNIVERSE
212,SRE,STK,USD,SMART,SRE,EQUITY_UNIVERSE
213,AME,STK,USD,SMART,AME,EQUITY_UNIVERSE
214,DVN,STK,USD,SMART,DVN,EQUITY_UNIVERSE
215,CAH,STK,USD,SMART,CAH,EQUITY_UNIVERSE
216,KEYS,STK,USD,SMART,KEYS,EQUITY_UNIVERSE
217,PSA,STK,USD,SMART,PSA,EQUITY_UNIVERSE
218,DAL,STK,USD,SMART,DAL,EQUITY_UNIVERSE
219,PYPL,STK,USD,SMART,PYPL,EQUITY_UNIVERSE
220,HONA,STK,USD,SMART,HONA,EQUITY_UNIVERSE
221,AFL,STK,USD,SMART,AFL,EQUITY_UNIVERSE
222,EW,STK,USD,SMART,EW,EQUITY_UNIVERSE
223,ADSK,STK,USD,SMART,ADSK,EQUITY_UNIVERSE
224,CTVA,STK,USD,SMART,CTVA,EQUITY_UNIVERSE
225,AXON,STK,USD,SMART,AXON,EQUITY_UNIVERSE
226,BDX,STK,USD,SMART,BDX,EQUITY_UNIVERSE
227,LHX,STK,USD,SMART,LHX,EQUITY_UNIVERSE
228,STT,STK,USD,SMART,STT,EQUITY_UNIVERSE
229,MET,STK,USD,SMART,MET,EQUITY_UNIVERSE
230,AZO,STK,USD,SMART,AZO,EQUITY_UNIVERSE
231,CVNA,STK,USD,SMART,CVNA,EQUITY_UNIVERSE
232,AMP,STK,USD,SMART,AMP,EQUITY_UNIVERSE
233,FITB,STK,USD,SMART,FITB,EQUITY_UNIVERSE
234,WAB,STK,USD,SMART,WAB,EQUITY_UNIVERSE
235,XEL,STK,USD,SMART,XEL,EQUITY_UNIVERSE
236,ETR,STK,USD,SMART,ETR,EQUITY_UNIVERSE
237,NKE,STK,USD,SMART,NKE,EQUITY_UNIVERSE
238,GRMN,STK,USD,SMART,GRMN,EQUITY_UNIVERSE
239,ROK,STK,USD,SMART,ROK,EQUITY_UNIVERSE
240,CARR,STK,USD,SMART,CARR,EQUITY_UNIVERSE
241,FERG,STK,USD,SMART,FERG,EQUITY_UNIVERSE
242,EQR,STK,USD,SMART,EQR,EQUITY_UNIVERSE
243,EXC,STK,USD,SMART,EXC,EQUITY_UNIVERSE
244,EBAY,STK,USD,SMART,EBAY,EQUITY_UNIVERSE
245,CBRE,STK,USD,SMART,CBRE,EQUITY_UNIVERSE
246,HUM,STK,USD,SMART,HUM,EQUITY_UNIVERSE
247,VST,STK,USD,SMART,VST,EQUITY_UNIVERSE
248,VTR,STK,USD,SMART,VTR,EQUITY_UNIVERSE
249,CMG,STK,USD,SMART,CMG,EQUITY_UNIVERSE
250,IDXX,STK,USD,SMART,IDXX,EQUITY_UNIVERSE
251,RSG,STK,USD,SMART,RSG,EQUITY_UNIVERSE
252,A,STK,USD,SMART,A,EQUITY_UNIVERSE
253,OXY,STK,USD,SMART,OXY,EQUITY_UNIVERSE
254,XYZ,STK,USD,SMART,XYZ,EQUITY_UNIVERSE
255,NDAQ,STK,USD,SMART,NDAQ,EQUITY_UNIVERSE
256,PRU,STK,USD,SMART,PRU,EQUITY_UNIVERSE
257,KDP,STK,USD,SMART,KDP,EQUITY_UNIVERSE
258,MCHP,STK,USD,SMART,MCHP,EQUITY_UNIVERSE
259,IQV,STK,USD,SMART,IQV,EQUITY_UNIVERSE
260,FLEX,STK,USD,SMART,FLEX,EQUITY_UNIVERSE
261,TTWO,STK,USD,SMART,TTWO,EQUITY_UNIVERSE
262,MSCI,STK,USD,SMART,MSCI,EQUITY_UNIVERSE
263,ROP,STK,USD,SMART,ROP,EQUITY_UNIVERSE
264,WAT,STK,USD,SMART,WAT,EQUITY_UNIVERSE
265,FANG,STK,USD,SMART,FANG,EQUITY_UNIVERSE
266,WDAY,STK,USD,SMART,WDAY,EQUITY_UNIVERSE
267,IBKR,STK,USD,SMART,IBKR,EQUITY_UNIVERSE
268,YUM,STK,USD,SMART,YUM,EQUITY_UNIVERSE
269,AIG,STK,USD,SMART,AIG,EQUITY_UNIVERSE
270,DHI,STK,USD,SMART,DHI,EQUITY_UNIVERSE
271,ED,STK,USD,SMART,ED,EQUITY_UNIVERSE
272,PAYX,STK,USD,SMART,PAYX,EQUITY_UNIVERSE
273,SYY,STK,USD,SMART,SYY,EQUITY_UNIVERSE
274,ADM,STK,USD,SMART,ADM,EQUITY_UNIVERSE
275,PCG,STK,USD,SMART,PCG,EQUITY_UNIVERSE
276,NTAP,STK,USD,SMART,NTAP,EQUITY_UNIVERSE
277,HIG,STK,USD,SMART,HIG,EQUITY_UNIVERSE
278,VEEV,STK,USD,SMART,VEEV,EQUITY_UNIVERSE
279,UAL,STK,USD,SMART,UAL,EQUITY_UNIVERSE
280,PEG,STK,USD,SMART,PEG,EQUITY_UNIVERSE
281,ODFL,STK,USD,SMART,ODFL,EQUITY_UNIVERSE
282,EXPE,STK,USD,SMART,EXPE,EQUITY_UNIVERSE
283,KVUE,STK,USD,SMART,KVUE,EQUITY_UNIVERSE
284,KMB,STK,USD,SMART,KMB,EQUITY_UNIVERSE
285,IRM,STK,USD,SMART,IRM,EQUITY_UNIVERSE
286,VMC,STK,USD,SMART,VMC,EQUITY_UNIVERSE
287,EME,STK,USD,SMART,EME,EQUITY_UNIVERSE
288,MTB,STK,USD,SMART,MTB,EQUITY_UNIVERSE
289,COIN,STK,USD,SMART,COIN,EQUITY_UNIVERSE
290,WEC,STK,USD,SMART,WEC,EQUITY_UNIVERSE
291,HBAN,STK,USD,SMART,HBAN,EQUITY_UNIVERSE
292,DXCM,STK,USD,SMART,DXCM,EQUITY_UNIVERSE
293,NTRS,STK,USD,SMART,NTRS,EQUITY_UNIVERSE
294,ACGL,STK,USD,SMART,ACGL,EQUITY_UNIVERSE
295,CCL,STK,USD,SMART,CCL,EQUITY_UNIVERSE
296,JBL,STK,USD,SMART,JBL,EQUITY_UNIVERSE
297,GEHC,STK,USD,SMART,GEHC,EQUITY_UNIVERSE
298,EQT,STK,USD,SMART,EQT,EQUITY_UNIVERSE
299,RMD,STK,USD,SMART,RMD,EQUITY_UNIVERSE
300,BIIB,STK,USD,SMART,BIIB,EQUITY_UNIVERSE
301,CCI,STK,USD,SMART,CCI,EQUITY_UNIVERSE
302,MLM,STK,USD,SMART,MLM,EQUITY_UNIVERSE
303,ZTS,STK,USD,SMART,ZTS,EQUITY_UNIVERSE
304,KR,STK,USD,SMART,KR,EQUITY_UNIVERSE
305,WTW,STK,USD,SMART,WTW,EQUITY_UNIVERSE
306,STLD,STK,USD,SMART,STLD,EQUITY_UNIVERSE
307,EXR,STK,USD,SMART,EXR,EQUITY_UNIVERSE
308,CASY,STK,USD,SMART,CASY,EQUITY_UNIVERSE
309,RJF,STK,USD,SMART,RJF,EQUITY_UNIVERSE
310,CNC,STK,USD,SMART,CNC,EQUITY_UNIVERSE
311,AEE,STK,USD,SMART,AEE,EQUITY_UNIVERSE
312,ARES,STK,USD,SMART,ARES,EQUITY_UNIVERSE
313,TDY,STK,USD,SMART,TDY,EQUITY_UNIVERSE
314,ON,STK,USD,SMART,ON,EQUITY_UNIVERSE
315,CPRT,STK,USD,SMART,CPRT,EQUITY_UNIVERSE
316,CFG,STK,USD,SMART,CFG,EQUITY_UNIVERSE
317,CBOE,STK,USD,SMART,CBOE,EQUITY_UNIVERSE
318,HAL,STK,USD,SMART,HAL,EQUITY_UNIVERSE
319,LYV,STK,USD,SMART,LYV,EQUITY_UNIVERSE
320,DTE,STK,USD,SMART,DTE,EQUITY_UNIVERSE
321,CTSH,STK,USD,SMART,CTSH,EQUITY_UNIVERSE
322,IR,STK,USD,SMART,IR,EQUITY_UNIVERSE
323,VICI,STK,USD,SMART,VICI,EQUITY_UNIVERSE
324,MTD,STK,USD,SMART,MTD,EQUITY_UNIVERSE
325,WSM,STK,USD,SMART,WSM,EQUITY_UNIVERSE
326,ATO,STK,USD,SMART,ATO,EQUITY_UNIVERSE
327,EIX,STK,USD,SMART,EIX,EQUITY_UNIVERSE
328,HSY,STK,USD,SMART,HSY,EQUITY_UNIVERSE
329,FISV,STK,USD,SMART,FISV,EQUITY_UNIVERSE
330,XYL,STK,USD,SMART,XYL,EQUITY_UNIVERSE
331,OTIS,STK,USD,SMART,OTIS,EQUITY_UNIVERSE
332,HPQ,STK,USD,SMART,HPQ,EQUITY_UNIVERSE
333,DOV,STK,USD,SMART,DOV,EQUITY_UNIVERSE
334,LH,STK,USD,SMART,LH,EQUITY_UNIVERSE
335,AWK,STK,USD,SMART,AWK,EQUITY_UNIVERSE
336,ES,STK,USD,SMART,ES,EQUITY_UNIVERSE
337,DG,STK,USD,SMART,DG,EQUITY_UNIVERSE
338,FICO,STK,USD,SMART,FICO,EQUITY_UNIVERSE
339,SYF,STK,USD,SMART,SYF,EQUITY_UNIVERSE
340,DGX,STK,USD,SMART,DGX,EQUITY_UNIVERSE
341,PPL,STK,USD,SMART,PPL,EQUITY_UNIVERSE
342,TPR,STK,USD,SMART,TPR,EQUITY_UNIVERSE
343,CPAY,STK,USD,SMART,CPAY,EQUITY_UNIVERSE
344,Q,STK,USD,SMART,Q,EQUITY_UNIVERSE
345,CNP,STK,USD,SMART,CNP,EQUITY_UNIVERSE
346,RF,STK,USD,SMART,RF,EQUITY_UNIVERSE
347,CINF,STK,USD,SMART,CINF,EQUITY_UNIVERSE
348,SW,STK,USD,SMART,SW,EQUITY_UNIVERSE
349,NRG,STK,USD,SMART,NRG,EQUITY_UNIVERSE
350,DRI,STK,USD,SMART,DRI,EQUITY_UNIVERSE
351,PPG,STK,USD,SMART,PPG,EQUITY_UNIVERSE
352,HUBB,STK,USD,SMART,HUBB,EQUITY_UNIVERSE
353,WST,STK,USD,SMART,WST,EQUITY_UNIVERSE
354,OMC,STK,USD,SMART,OMC,EQUITY_UNIVERSE
355,PHM,STK,USD,SMART,PHM,EQUITY_UNIVERSE
356,FE,STK,USD,SMART,FE,EQUITY_UNIVERSE
357,VLTO,STK,USD,SMART,VLTO,EQUITY_UNIVERSE
358,VRSK,STK,USD,SMART,VRSK,EQUITY_UNIVERSE
359,EXPD,STK,USD,SMART,EXPD,EQUITY_UNIVERSE
360,EL,STK,USD,SMART,EL,EQUITY_UNIVERSE
361,TROW,STK,USD,SMART,TROW,EQUITY_UNIVERSE
362,DLTR,STK,USD,SMART,DLTR,EQUITY_UNIVERSE
363,FSLR,STK,USD,SMART,FSLR,EQUITY_UNIVERSE
364,CHD,STK,USD,SMART,CHD,EQUITY_UNIVERSE
365,STE,STK,USD,SMART,STE,EQUITY_UNIVERSE
366,EXE,STK,USD,SMART,EXE,EQUITY_UNIVERSE
367,ULTA,STK,USD,SMART,ULTA,EQUITY_UNIVERSE
368,EFX,STK,USD,SMART,EFX,EQUITY_UNIVERSE
369,DOW,STK,USD,SMART,DOW,EQUITY_UNIVERSE
370,PKG,STK,USD,SMART,PKG,EQUITY_UNIVERSE
371,VRSN,STK,USD,SMART,VRSN,EQUITY_UNIVERSE
372,KHC,STK,USD,SMART,KHC,EQUITY_UNIVERSE
373,PFG,STK,USD,SMART,PFG,EQUITY_UNIVERSE
374,AMCR,STK,USD,SMART,AMCR,EQUITY_UNIVERSE
375,CMS,STK,USD,SMART,CMS,EQUITY_UNIVERSE
376,IP,STK,USD,SMART,IP,EQUITY_UNIVERSE
377,TPL,STK,USD,SMART,TPL,EQUITY_UNIVERSE
378,FFIV,STK,USD,SMART,FFIV,EQUITY_UNIVERSE
379,INCY,STK,USD,SMART,INCY,EQUITY_UNIVERSE
380,GIS,STK,USD,SMART,GIS,EQUITY_UNIVERSE
381,GPN,STK,USD,SMART,GPN,EQUITY_UNIVERSE
382,IFF,STK,USD,SMART,IFF,EQUITY_UNIVERSE
383,FIS,STK,USD,SMART,FIS,EQUITY_UNIVERSE
384,BRO,STK,USD,SMART,BRO,EQUITY_UNIVERSE
385,SMCI,STK,USD,SMART,SMCI,EQUITY_UNIVERSE
386,WRB,STK,USD,SMART,WRB,EQUITY_UNIVERSE
387,SNA,STK,USD,SMART,SNA,EQUITY_UNIVERSE
388,KEY,STK,USD,SMART,KEY,EQUITY_UNIVERSE
389,BR,STK,USD,SMART,BR,EQUITY_UNIVERSE
390,JBHT,STK,USD,SMART,JBHT,EQUITY_UNIVERSE
391,LUV,STK,USD,SMART,LUV,EQUITY_UNIVERSE
392,NI,STK,USD,SMART,NI,EQUITY_UNIVERSE
393,RDDT,STK,USD,SMART,RDDT,EQUITY_UNIVERSE
394,ZBH,STK,USD,SMART,ZBH,EQUITY_UNIVERSE
395,EVRG,STK,USD,SMART,EVRG,EQUITY_UNIVERSE
396,SBAC,STK,USD,SMART,SBAC,EQUITY_UNIVERSE
397,DD,STK,USD,SMART,DD,EQUITY_UNIVERSE
398,VTRS,STK,USD,SMART,VTRS,EQUITY_UNIVERSE
399,LEN,STK,USD,SMART,LEN,EQUITY_UNIVERSE
400,L,STK,USD,SMART,L,EQUITY_UNIVERSE
401,STZ,STK,USD,SMART,STZ,EQUITY_UNIVERSE
402,TSCO,STK,USD,SMART,TSCO,EQUITY_UNIVERSE
403,GPC,STK,USD,SMART,GPC,EQUITY_UNIVERSE
404,ESS,STK,USD,SMART,ESS,EQUITY_UNIVERSE
405,LDOS,STK,USD,SMART,LDOS,EQUITY_UNIVERSE
406,CF,STK,USD,SMART,CF,EQUITY_UNIVERSE
407,LNT,STK,USD,SMART,LNT,EQUITY_UNIVERSE
408,FTV,STK,USD,SMART,FTV,EQUITY_UNIVERSE
409,WY,STK,USD,SMART,WY,EQUITY_UNIVERSE
410,PTC,STK,USD,SMART,PTC,EQUITY_UNIVERSE
411,BBY,STK,USD,SMART,BBY,EQUITY_UNIVERSE
412,CDW,STK,USD,SMART,CDW,EQUITY_UNIVERSE
413,CHTR,STK,USD,SMART,CHTR,EQUITY_UNIVERSE
414,J,STK,USD,SMART,J,EQUITY_UNIVERSE
415,IEX,STK,USD,SMART,IEX,EQUITY_UNIVERSE
416,NVR,STK,USD,SMART,NVR,EQUITY_UNIVERSE
417,LYB,STK,USD,SMART,LYB,EQUITY_UNIVERSE
418,CHRW,STK,USD,SMART,CHRW,EQUITY_UNIVERSE
419,ZBRA,STK,USD,SMART,ZBRA,EQUITY_UNIVERSE
420,BALL,STK,USD,SMART,BALL,EQUITY_UNIVERSE
421,TSN,STK,USD,SMART,TSN,EQUITY_UNIVERSE
422,INVH,STK,USD,SMART,INVH,EQUITY_UNIVERSE
423,NDSN,STK,USD,SMART,NDSN,EQUITY_UNIVERSE
424,AKAM,STK,USD,SMART,AKAM,EQUITY_UNIVERSE
425,KIM,STK,USD,SMART,KIM,EQUITY_UNIVERSE
426,ALB,STK,USD,SMART,ALB,EQUITY_UNIVERSE
427,BG,STK,USD,SMART,BG,EQUITY_UNIVERSE
428,SWK,STK,USD,SMART,SWK,EQUITY_UNIVERSE
429,APA,STK,USD,SMART,APA,EQUITY_UNIVERSE
430,MAA,STK,USD,SMART,MAA,EQUITY_UNIVERSE
431,MAS,STK,USD,SMART,MAS,EQUITY_UNIVERSE
432,GEN,STK,USD,SMART,GEN,EQUITY_UNIVERSE
433,FDXF,STK,USD,SMART,FDXF,EQUITY_UNIVERSE
434,TXT,STK,USD,SMART,TXT,EQUITY_UNIVERSE
435,COO,STK,USD,SMART,COO,EQUITY_UNIVERSE
436,HST,STK,USD,SMART,HST,EQUITY_UNIVERSE
437,RL,STK,USD,SMART,RL,EQUITY_UNIVERSE
438,TYL,STK,USD,SMART,TYL,EQUITY_UNIVERSE
439,EG,STK,USD,SMART,EG,EQUITY_UNIVERSE
440,MKC,STK,USD,SMART,MKC,EQUITY_UNIVERSE
441,DOC,STK,USD,SMART,DOC,EQUITY_UNIVERSE
442,IVZ,STK,USD,SMART,IVZ,EQUITY_UNIVERSE
443,AVY,STK,USD,SMART,AVY,EQUITY_UNIVERSE
444,CRL,STK,USD,SMART,CRL,EQUITY_UNIVERSE
445,LVS,STK,USD,SMART,LVS,EQUITY_UNIVERSE
446,ALLE,STK,USD,SMART,ALLE,EQUITY_UNIVERSE
447,BAX,STK,USD,SMART,BAX,EQUITY_UNIVERSE
448,TRMB,STK,USD,SMART,TRMB,EQUITY_UNIVERSE
449,AIZ,STK,USD,SMART,AIZ,EQUITY_UNIVERSE
450,CSGP,STK,USD,SMART,CSGP,EQUITY_UNIVERSE
451,FOXA,STK,USD,SMART,FOXA,EQUITY_UNIVERSE
452,RVTY,STK,USD,SMART,RVTY,EQUITY_UNIVERSE
453,GL,STK,USD,SMART,GL,EQUITY_UNIVERSE
454,LII,STK,USD,SMART,LII,EQUITY_UNIVERSE
455,CLX,STK,USD,SMART,CLX,EQUITY_UNIVERSE
456,SJM,STK,USD,SMART,SJM,EQUITY_UNIVERSE
457,DECK,STK,USD,SMART,DECK,EQUITY_UNIVERSE
458,SOLV,STK,USD,SMART,SOLV,EQUITY_UNIVERSE
459,IT,STK,USD,SMART,IT,EQUITY_UNIVERSE
460,GDDY,STK,USD,SMART,GDDY,EQUITY_UNIVERSE
461,TKO,STK,USD,SMART,TKO,EQUITY_UNIVERSE
462,REG,STK,USD,SMART,REG,EQUITY_UNIVERSE
463,LULU,STK,USD,SMART,LULU,EQUITY_UNIVERSE
464,HAS,STK,USD,SMART,HAS,EQUITY_UNIVERSE
465,GNRC,STK,USD,SMART,GNRC,EQUITY_UNIVERSE
466,HII,STK,USD,SMART,HII,EQUITY_UNIVERSE
467,PNW,STK,USD,SMART,PNW,EQUITY_UNIVERSE
468,ECHO,STK,USD,SMART,ECHO,EQUITY_UNIVERSE
469,JKHY,STK,USD,SMART,JKHY,EQUITY_UNIVERSE
470,TECH,STK,USD,SMART,TECH,EQUITY_UNIVERSE
471,UDR,STK,USD,SMART,UDR,EQUITY_UNIVERSE
472,CPT,STK,USD,SMART,CPT,EQUITY_UNIVERSE
473,FDS,STK,USD,SMART,FDS,EQUITY_UNIVERSE
474,ALGN,STK,USD,SMART,ALGN,EQUITY_UNIVERSE
475,NWSA,STK,USD,SMART,NWSA,EQUITY_UNIVERSE
476,ROL,STK,USD,SMART,ROL,EQUITY_UNIVERSE
477,PNR,STK,USD,SMART,PNR,EQUITY_UNIVERSE
478,PODD,STK,USD,SMART,PODD,EQUITY_UNIVERSE
479,AES,STK,USD,SMART,AES,EQUITY_UNIVERSE
480,BEN,STK,USD,SMART,BEN,EQUITY_UNIVERSE
481,APTV,STK,USD,SMART,APTV,EQUITY_UNIVERSE
482,DPZ,STK,USD,SMART,DPZ,EQUITY_UNIVERSE
483,SWKS,STK,USD,SMART,SWKS,EQUITY_UNIVERSE
484,BXP,STK,USD,SMART,BXP,EQUITY_UNIVERSE
485,FRT,STK,USD,SMART,FRT,EQUITY_UNIVERSE
486,UHS,STK,USD,SMART,UHS,EQUITY_UNIVERSE
487,HSIC,STK,USD,SMART,HSIC,EQUITY_UNIVERSE
488,FOX,STK,USD,SMART,FOX,EQUITY_UNIVERSE
489,WYNN,STK,USD,SMART,WYNN,EQUITY_UNIVERSE
490,MGM,STK,USD,SMART,MGM,EQUITY_UNIVERSE
491,NCLH,STK,USD,SMART,NCLH,EQUITY_UNIVERSE
492,ARE,STK,USD,SMART,ARE,EQUITY_UNIVERSE
493,BLDR,STK,USD,SMART,BLDR,EQUITY_UNIVERSE
494,AOS,STK,USD,SMART,AOS,EQUITY_UNIVERSE
495,HRL,STK,USD,SMART,HRL,EQUITY_UNIVERSE
496,MOS,STK,USD,SMART,MOS,EQUITY_UNIVERSE
497,TAP,STK,USD,SMART,TAP,EQUITY_UNIVERSE
498,ERIE,STK,USD,SMART,ERIE,EQUITY_UNIVERSE
499,TTD,STK,USD,SMART,TTD,EQUITY_UNIVERSE
500,DVA,STK,USD,SMART,DVA,EQUITY_UNIVERSE
501,BF.B,STK,USD,SMART,BF B,EQUITY_UNIVERSE
502,NWS,STK,USD,SMART,NWS,EQUITY_UNIVERSE
503,PSKY,STK,USD,SMART,PSKY,EQUITY_UNIVERSE
